{
    "G_list": [
        60000000000.0,
        62068965517.24138,
        64137931034.48276,
        66206896551.72414,
        68275862068.965515,
        70344827586.2069,
        72413793103.44827,
        74482758620.68965,
        76551724137.93103,
        78620689655.17241,
        80689655172.41379,
        82758620689.65517,
        84827586206.89655,
        86896551724.13794,
        88965517241.3793,
        91034482758.6207,
        93103448275.86206,
        95172413793.10345,
        97241379310.34482,
        99310344827.58621,
        101379310344.82758,
        103448275862.06897,
        105517241379.31033,
        107586206896.55173,
        109655172413.7931,
        111724137931.03448,
        113793103448.27586,
        115862068965.51724,
        117931034482.75862,
        120000000000.0
    ],
    "K_list": [
        80000000000.0,
        82758620689.65517,
        85517241379.31035,
        88275862068.96552,
        91034482758.6207,
        93793103448.27586,
        96551724137.93103,
        99310344827.58621,
        102068965517.24138,
        104827586206.89655,
        107586206896.55173,
        110344827586.2069,
        113103448275.86206,
        115862068965.51724,
        118620689655.17241,
        121379310344.82758,
        124137931034.48276,
        126896551724.13794,
        129655172413.7931,
        132413793103.44827,
        135172413793.10345,
        137931034482.7586,
        140689655172.4138,
        143448275862.06897,
        146206896551.72412,
        148965517241.3793,
        151724137931.0345,
        154482758620.68964,
        157241379310.34482,
        160000000000.0
    ]
}